{
"lengthUnit": "mil",
"remark": [],
"components": {
	"fields": ["COMPONENT_NO", "COMPONENT_NAME", "LAYER", "X_COORDINATE", "Y_COORDINATE", "ANGLE"],
	"rows": [
		[1, "C1", "T", 1210, -1350, 0],
		[2, "C2", "T", 1215, -1510, 0],
		[3, "C4", "T", 2720, -940, 0],
		[4, "C5", "T", 1545, -895, 0],
		[5, "CN1", "T", 1105, -860, 0],
		[6, "R2", "T", 2735, -1100, 0],
		[7, "R3", "T", 2725, -1210, 0],
		[8, "R4", "T", 1380, -815, 0],
		[9, "R5", "T", 1400, -960, 0],
		[10, "SW1", "T", 1700, -1425, 0],
		[11, "SW2", "T", 2145, -1435, 0],
		[12, "U1", "T", 1190, -1185, 0],
		[13, "U2", "T", 2055, -845, 0],
		[14, "U4", "T", 2615, -1415, 0],
		[15, "U5", "T", 2550, -1035, 0],
		[16, "PAD1", "T", 1272.7, -1350, 0],
		[17, "PAD2", "T", 1147.3, -1350, 0],
		[18, "PAD3", "T", 1277.7, -1510, 0],
		[19, "PAD4", "T", 1152.3, -1510, 0],
		[20, "PAD5", "T", 2747.56, -940, 0],
		[21, "PAD6", "T", 2692.44, -940, 0],
		[22, "PAD7", "T", 1572.56, -895, 0],
		[23, "PAD8", "T", 1517.44, -895, 0],
		[24, "PAD9", "T", 1155, -860, 0],
		[25, "PAD9", "B", 1155, -860, 0],
		[26, "PAD10", "T", 1055, -860, 0],
		[27, "PAD10", "B", 1055, -860, 0],
		[28, "PAD11", "T", 2764.66, -1100, 0],
		[29, "PAD12", "T", 2705.34, -1100, 0],
		[30, "PAD13", "T", 2754.66, -1210, 0],
		[31, "PAD14", "T", 2695.34, -1210, 0],
		[32, "PAD15", "T", 1409.66, -815, 0],
		[33, "PAD16", "T", 1350.34, -815, 0],
		[34, "PAD17", "T", 1429.66, -960, 0],
		[35, "PAD18", "T", 1370.34, -960, 0],
		[36, "PAD19", "T", 1560.47, -1365.945, 0],
		[37, "PAD20", "T", 1839.53, -1484.055, 0],
		[38, "PAD21", "T", 2005.47, -1375.945, 0],
		[39, "PAD22", "T", 2284.53, -1494.055, 0],
		[40, "PAD23", "T", 1140, -1185, 0],
		[41, "PAD23", "B", 1140, -1185, 0],
		[42, "PAD24", "T", 1190, -1185, 0],
		[43, "PAD24", "B", 1190, -1185, 0],
		[44, "PAD25", "T", 1240, -1185, 0],
		[45, "PAD25", "B", 1240, -1185, 0],
		[46, "PAD26", "T", 2403.425, -963.109, 0],
		[47, "PAD27", "T", 2403.425, -1022.159, 0],
		[48, "PAD28", "T", 1706.576, -1081.219, 0],
		[49, "PAD29", "T", 1706.576, -1022.159, 0],
		[50, "PAD30", "T", 1706.576, -785.939, 0],
		[51, "PAD31", "T", 1706.576, -726.889, 0],
		[52, "PAD32", "T", 1706.576, -667.829, 0],
		[53, "PAD33", "T", 1706.576, -608.779, 0],
		[54, "PAD34", "T", 2465, -1415, 0],
		[55, "PAD34", "B", 2465, -1415, 0],
		[56, "PAD35", "T", 2565, -1415, 0],
		[57, "PAD35", "B", 2565, -1415, 0],
		[58, "PAD36", "T", 2665, -1415, 0],
		[59, "PAD36", "B", 2665, -1415, 0],
		[60, "PAD37", "T", 2765, -1415, 0],
		[61, "PAD37", "B", 2765, -1415, 0],
		[62, "PAD38", "T", 2599.55, -1073.39, 0],
		[63, "PAD39", "T", 2599.55, -1047.79, 0],
		[64, "PAD40", "T", 2599.55, -1022.2, 0],
		[65, "PAD41", "T", 2599.55, -996.61, 0],
		[66, "PAD42", "T", 2500.45, -996.61, 0],
		[67, "PAD43", "T", 2500.45, -1022.2, 0],
		[68, "PAD44", "T", 2500.45, -1047.79, 0],
		[69, "PAD45", "T", 2500.45, -1073.39, 0]
	]
},
"pins": {
	"fields": ["PIN_NO", "PIN_NAME", "PIN_X", "PIN_Y", "LAYER", "PIN_TYPE", "NET_NAME", "NET_TYPE", "PAD_SHAPE", "PAD_SIZEX", "PAD_SIZEY", "HOLE_SIZE", "HOLE_LEN", "PAD_ANGLE"],
	"rows": [
		[1, "C1_1", 1147.3, -1350, "T", "SMD", "3V3", "", "R", 58.465, 68.031, 0, 0, 0],
		[2, "C1_2", 1272.7, -1350, "T", "SMD", "GND", "GND", "R", 58.465, 68.031, 0, 0, 0],
		[3, "C2_1", 1152.3, -1510, "T", "SMD", "GND", "GND", "R", 58.465, 68.031, 0, 0, 0],
		[4, "C2_2", 1277.7, -1510, "T", "SMD", "VIN", "", "R", 58.465, 68.031, 0, 0, 0],
		[5, "C4_1", 2692.44, -940, "T", "SMD", "3V3", "", "R", 31.496, 35.433, 0, 0, 0],
		[6, "C4_2", 2747.56, -940, "T", "SMD", "GND", "GND", "R", 31.496, 35.433, 0, 0, 0],
		[7, "C5_1", 1517.44, -895, "T", "SMD", "GND", "GND", "R", 31.496, 35.433, 0, 0, 0],
		[8, "C5_2", 1572.56, -895, "T", "SMD", "3V3", "", "R", 31.496, 35.433, 0, 0, 0],
		[9, "CN1_1", 1055, -860, "T", "DIP", "VIN", "", "R", 82.677, 82.677, 51.182, 51.182, 0],
		[10, "CN1_1", 1055, -860, "B", "DIP", "VIN", "", "R", 82.677, 82.677, 51.182, 51.182, 0],
		[11, "CN1_2", 1155, -860, "T", "DIP", "GND", "GND", "C", 82.677, 82.677, 51.182, 51.182, 0],
		[12, "CN1_2", 1155, -860, "B", "DIP", "GND", "GND", "C", 82.677, 82.677, 51.182, 51.182, 0],
		[13, "R2_1", 2705.34, -1100, "T", "SMD", "3V3", "", "R", 31.751, 34.016, 0, 0, 0],
		[14, "R2_2", 2764.66, -1100, "T", "SMD", "SCK", "", "R", 31.751, 34.016, 0, 0, 0],
		[15, "R3_1", 2695.34, -1210, "T", "SMD", "3V3", "", "R", 31.751, 34.016, 0, 0, 0],
		[16, "R3_2", 2754.66, -1210, "T", "SMD", "SDI", "", "R", 31.751, 34.016, 0, 0, 0],
		[17, "R4_1", 1350.34, -815, "T", "SMD", "EN", "", "R", 31.751, 34.016, 0, 0, 0],
		[18, "R4_2", 1409.66, -815, "T", "SMD", "3V3", "", "R", 31.751, 34.016, 0, 0, 0],
		[19, "R5_1", 1370.34, -960, "T", "SMD", "BOOT", "", "R", 31.751, 34.016, 0, 0, 0],
		[20, "R5_2", 1429.66, -960, "T", "SMD", "3V3", "", "R", 31.751, 34.016, 0, 0, 0],
		[21, "SW1_1", 1560.47, -1484.055, "T", "SMD", "NET_1", "", "R", 74.803, 47.24, 0, 0, 0],
		[22, "SW1_2", 1839.53, -1484.055, "T", "SMD", "EN", "", "R", 74.803, 47.24, 0, 0, 0],
		[23, "SW1_3", 1839.53, -1365.945, "T", "SMD", "NET_2", "", "R", 74.803, 47.24, 0, 0, 0],
		[24, "SW1_4", 1560.47, -1365.945, "T", "SMD", "GND", "GND", "R", 74.803, 47.24, 0, 0, 0],
		[25, "SW2_1", 2005.47, -1494.055, "T", "SMD", "NET_3", "", "R", 74.803, 47.24, 0, 0, 0],
		[26, "SW2_2", 2284.53, -1494.055, "T", "SMD", "BOOT", "", "R", 74.803, 47.24, 0, 0, 0],
		[27, "SW2_3", 2284.53, -1375.945, "T", "SMD", "NET_4", "", "R", 74.803, 47.24, 0, 0, 0],
		[28, "SW2_4", 2005.47, -1375.945, "T", "SMD", "GND", "GND", "R", 74.803, 47.24, 0, 0, 0],
		[29, "U1_1", 1140, -1185, "T", "DIP", "GND", "GND", "R", 35.433, 62.992, 27.56, 27.56, 0],
		[30, "U1_1", 1140, -1185, "B", "DIP", "GND", "GND", "R", 35.433, 62.992, 27.56, 27.56, 0],
		[31, "U1_2", 1190, -1185, "T", "DIP", "VIN", "", "O", 35.433, 62.992, 27.56, 27.56, 0],
		[32, "U1_2", 1190, -1185, "B", "DIP", "VIN", "", "O", 35.433, 62.992, 27.56, 27.56, 0],
		[33, "U1_3", 1240, -1185, "T", "DIP", "3V3", "", "O", 35.433, 62.992, 27.56, 27.56, 0],
		[34, "U1_3", 1240, -1185, "B", "DIP", "3V3", "", "O", 35.433, 62.992, 27.56, 27.56, 0],
		[35, "U2_1", 1706.576, -608.779, "T", "SMD", "3V3", "", "R", 70.866, 39.37, 0, 0, 0],
		[36, "U2_2", 1706.576, -667.829, "T", "SMD", "EN", "", "R", 70.866, 39.37, 0, 0, 0],
		[37, "U2_3", 1706.576, -726.889, "T", "SMD", "SDI", "", "R", 70.866, 39.37, 0, 0, 0],
		[38, "U2_4", 1706.576, -785.939, "T", "SMD", "SCK", "", "R", 70.866, 39.37, 0, 0, 0],
		[39, "U2_5", 1706.576, -844.999, "T", "SMD", "NET_5", "", "R", 70.866, 39.37, 0, 0, 0],
		[40, "U2_6", 1706.576, -904.049, "T", "SMD", "NET_6", "", "R", 70.866, 39.37, 0, 0, 0],
		[41, "U2_7", 1706.576, -963.109, "T", "SMD", "NET_7", "", "R", 70.866, 39.37, 0, 0, 0],
		[42, "U2_8", 1706.576, -1022.159, "T", "SMD", "BOOT", "", "R", 70.866, 39.37, 0, 0, 0],
		[43, "U2_9", 1706.576, -1081.219, "T", "SMD", "GND", "GND", "R", 70.866, 39.37, 0, 0, 0],
		[44, "U2_10", 2403.425, -1081.219, "T", "SMD", "NET_8", "", "R", 70.866, 39.37, 0, 0, 0],
		[45, "U2_11", 2403.425, -1022.159, "T", "SMD", "RX", "", "R", 70.866, 39.37, 0, 0, 0],
		[46, "U2_12", 2403.425, -963.109, "T", "SMD", "TX", "", "R", 70.866, 39.37, 0, 0, 0],
		[47, "U2_13", 2403.425, -904.049, "T", "SMD", "NET_9", "", "R", 70.866, 39.37, 0, 0, 0],
		[48, "U2_14", 2403.425, -844.999, "T", "SMD", "NET_10", "", "R", 70.866, 39.37, 0, 0, 0],
		[49, "U2_15", 2403.425, -785.939, "T", "SMD", "NET_11", "", "R", 70.866, 39.37, 0, 0, 0],
		[50, "U2_16", 2403.425, -726.889, "T", "SMD", "NET_12", "", "R", 70.866, 39.37, 0, 0, 0],
		[51, "U2_17", 2403.425, -667.829, "T", "SMD", "NET_13", "", "R", 70.866, 39.37, 0, 0, 0],
		[52, "U2_18", 2403.425, -608.779, "T", "SMD", "NET_14", "", "R", 70.866, 39.37, 0, 0, 0],
		[53, "U2_19", 2136.099, -809.569, "T", "SMD", "NET_15", "", "R", 27.559, 27.559, 0, 0, 0],
		[54, "U2_19", 2136.099, -852.869, "T", "SMD", "NET_16", "", "R", 27.559, 27.559, 0, 0, 0],
		[55, "U2_19", 2136.099, -896.179, "T", "SMD", "NET_17", "", "R", 27.559, 27.559, 0, 0, 0],
		[56, "U2_19", 2092.799, -896.179, "T", "SMD", "NET_18", "", "R", 27.559, 27.559, 0, 0, 0],
		[57, "U2_19", 2092.799, -852.869, "T", "SMD", "NET_19", "", "R", 27.559, 27.559, 0, 0, 0],
		[58, "U2_19", 2092.799, -809.569, "T", "SMD", "NET_20", "", "R", 27.559, 27.559, 0, 0, 0],
		[59, "U2_19", 2049.489, -896.179, "T", "SMD", "NET_21", "", "R", 27.559, 27.559, 0, 0, 0],
		[60, "U2_19", 2049.489, -852.869, "T", "SMD", "NET_22", "", "R", 27.559, 27.559, 0, 0, 0],
		[61, "U2_19", 2049.489, -809.569, "T", "SMD", "NET_23", "", "R", 27.559, 27.559, 0, 0, 0],
		[62, "U4_1", 2465, -1415, "T", "DIP", "RX", "", "R", 66.929, 66.929, 43.308, 43.308, 0],
		[63, "U4_1", 2465, -1415, "B", "DIP", "RX", "", "R", 66.929, 66.929, 43.308, 43.308, 0],
		[64, "U4_2", 2565, -1415, "T", "DIP", "TX", "", "C", 66.929, 66.929, 43.308, 43.308, 0],
		[65, "U4_2", 2565, -1415, "B", "DIP", "TX", "", "C", 66.929, 66.929, 43.308, 43.308, 0],
		[66, "U4_3", 2665, -1415, "T", "DIP", "3V3", "", "C", 66.929, 66.929, 43.308, 43.308, 0],
		[67, "U4_3", 2665, -1415, "B", "DIP", "3V3", "", "C", 66.929, 66.929, 43.308, 43.308, 0],
		[68, "U4_4", 2765, -1415, "T", "DIP", "GND", "GND", "C", 66.929, 66.929, 43.308, 43.308, 0],
		[69, "U4_4", 2765, -1415, "B", "DIP", "GND", "GND", "C", 66.929, 66.929, 43.308, 43.308, 0],
		[70, "U5_1", 2599.55, -996.61, "T", "SMD", "GND", "GND", "O", 14.331, 30.197, 0, 0, 90],
		[71, "U5_2", 2599.55, -1022.2, "T", "SMD", "3V3", "", "O", 14.331, 30.197, 0, 0, 90],
		[72, "U5_3", 2599.55, -1047.79, "T", "SMD", "SDI", "", "O", 14.331, 30.197, 0, 0, 90],
		[73, "U5_4", 2599.55, -1073.39, "T", "SMD", "SCK", "", "O", 14.331, 30.197, 0, 0, 90],
		[74, "U5_5", 2500.45, -1073.39, "T", "SMD", "GND", "GND", "O", 14.331, 30.197, 0, 0, 90],
		[75, "U5_6", 2500.45, -1047.79, "T", "SMD", "3V3", "", "O", 14.331, 30.197, 0, 0, 90],
		[76, "U5_7", 2500.45, -1022.2, "T", "SMD", "GND", "GND", "O", 14.331, 30.197, 0, 0, 90],
		[77, "U5_8", 2500.45, -996.61, "T", "SMD", "3V3", "", "O", 14.331, 30.197, 0, 0, 90],
		[78, "PAD1_2", 1272.7, -1350, "T", "SMD", "GND", "GND", "R", 58.465, 68.031, 0, 0, 0],
		[79, "PAD2_1", 1147.3, -1350, "T", "SMD", "3V3", "", "R", 58.465, 68.031, 0, 0, 0],
		[80, "PAD3_2", 1277.7, -1510, "T", "SMD", "VIN", "", "R", 58.465, 68.031, 0, 0, 0],
		[81, "PAD4_1", 1152.3, -1510, "T", "SMD", "GND", "GND", "R", 58.465, 68.031, 0, 0, 0],
		[82, "PAD5_2", 2747.56, -940, "T", "SMD", "GND", "GND", "R", 31.496, 35.433, 0, 0, 0],
		[83, "PAD6_1", 2692.44, -940, "T", "SMD", "3V3", "", "R", 31.496, 35.433, 0, 0, 0],
		[84, "PAD7_2", 1572.56, -895, "T", "SMD", "3V3", "", "R", 31.496, 35.433, 0, 0, 0],
		[85, "PAD8_1", 1517.44, -895, "T", "SMD", "GND", "GND", "R", 31.496, 35.433, 0, 0, 0],
		[86, "PAD9_2", 1155, -860, "T", "DIP", "GND", "GND", "C", 82.677, 82.677, 51.182, 51.182, 0],
		[87, "PAD9_2", 1155, -860, "B", "DIP", "GND", "GND", "C", 82.677, 82.677, 51.182, 51.182, 0],
		[88, "PAD10_1", 1055, -860, "T", "DIP", "VIN", "", "R", 82.677, 82.677, 51.182, 51.182, 0],
		[89, "PAD10_1", 1055, -860, "B", "DIP", "VIN", "", "R", 82.677, 82.677, 51.182, 51.182, 0],
		[90, "PAD11_2", 2764.66, -1100, "T", "SMD", "SCK", "", "R", 31.751, 34.016, 0, 0, 0],
		[91, "PAD12_1", 2705.34, -1100, "T", "SMD", "3V3", "", "R", 31.751, 34.016, 0, 0, 0],
		[92, "PAD13_2", 2754.66, -1210, "T", "SMD", "SDI", "", "R", 31.751, 34.016, 0, 0, 0],
		[93, "PAD14_1", 2695.34, -1210, "T", "SMD", "3V3", "", "R", 31.751, 34.016, 0, 0, 0],
		[94, "PAD15_2", 1409.66, -815, "T", "SMD", "3V3", "", "R", 31.751, 34.016, 0, 0, 0],
		[95, "PAD16_1", 1350.34, -815, "T", "SMD", "EN", "", "R", 31.751, 34.016, 0, 0, 0],
		[96, "PAD17_2", 1429.66, -960, "T", "SMD", "3V3", "", "R", 31.751, 34.016, 0, 0, 0],
		[97, "PAD18_1", 1370.34, -960, "T", "SMD", "BOOT", "", "R", 31.751, 34.016, 0, 0, 0],
		[98, "PAD19_4", 1560.47, -1365.945, "T", "SMD", "GND", "GND", "R", 74.803, 47.24, 0, 0, 0],
		[99, "PAD20_2", 1839.53, -1484.055, "T", "SMD", "EN", "", "R", 74.803, 47.24, 0, 0, 0],
		[100, "PAD21_4", 2005.47, -1375.945, "T", "SMD", "GND", "GND", "R", 74.803, 47.24, 0, 0, 0],
		[101, "PAD22_2", 2284.53, -1494.055, "T", "SMD", "BOOT", "", "R", 74.803, 47.24, 0, 0, 0],
		[102, "PAD23_1", 1140, -1185, "T", "DIP", "GND", "GND", "R", 35.433, 62.992, 27.56, 27.56, 0],
		[103, "PAD23_1", 1140, -1185, "B", "DIP", "GND", "GND", "R", 35.433, 62.992, 27.56, 27.56, 0],
		[104, "PAD24_2", 1190, -1185, "T", "DIP", "VIN", "", "O", 35.433, 62.992, 27.56, 27.56, 0],
		[105, "PAD24_2", 1190, -1185, "B", "DIP", "VIN", "", "O", 35.433, 62.992, 27.56, 27.56, 0],
		[106, "PAD25_3", 1240, -1185, "T", "DIP", "3V3", "", "O", 35.433, 62.992, 27.56, 27.56, 0],
		[107, "PAD25_3", 1240, -1185, "B", "DIP", "3V3", "", "O", 35.433, 62.992, 27.56, 27.56, 0],
		[108, "PAD26_12", 2403.425, -963.109, "T", "SMD", "TX", "", "R", 70.866, 39.37, 0, 0, 0],
		[109, "PAD27_11", 2403.425, -1022.159, "T", "SMD", "RX", "", "R", 70.866, 39.37, 0, 0, 0],
		[110, "PAD28_9", 1706.576, -1081.219, "T", "SMD", "GND", "GND", "R", 70.866, 39.37, 0, 0, 0],
		[111, "PAD29_8", 1706.576, -1022.159, "T", "SMD", "BOOT", "", "R", 70.866, 39.37, 0, 0, 0],
		[112, "PAD30_4", 1706.576, -785.939, "T", "SMD", "SCK", "", "R", 70.866, 39.37, 0, 0, 0],
		[113, "PAD31_3", 1706.576, -726.889, "T", "SMD", "SDI", "", "R", 70.866, 39.37, 0, 0, 0],
		[114, "PAD32_2", 1706.576, -667.829, "T", "SMD", "EN", "", "R", 70.866, 39.37, 0, 0, 0],
		[115, "PAD33_1", 1706.576, -608.779, "T", "SMD", "3V3", "", "R", 70.866, 39.37, 0, 0, 0],
		[116, "PAD34_1", 2465, -1415, "T", "DIP", "RX", "", "R", 66.929, 66.929, 43.308, 43.308, 0],
		[117, "PAD34_1", 2465, -1415, "B", "DIP", "RX", "", "R", 66.929, 66.929, 43.308, 43.308, 0],
		[118, "PAD35_2", 2565, -1415, "T", "DIP", "TX", "", "C", 66.929, 66.929, 43.308, 43.308, 0],
		[119, "PAD35_2", 2565, -1415, "B", "DIP", "TX", "", "C", 66.929, 66.929, 43.308, 43.308, 0],
		[120, "PAD36_3", 2665, -1415, "T", "DIP", "3V3", "", "C", 66.929, 66.929, 43.308, 43.308, 0],
		[121, "PAD36_3", 2665, -1415, "B", "DIP", "3V3", "", "C", 66.929, 66.929, 43.308, 43.308, 0],
		[122, "PAD37_4", 2765, -1415, "T", "DIP", "GND", "GND", "C", 66.929, 66.929, 43.308, 43.308, 0],
		[123, "PAD37_4", 2765, -1415, "B", "DIP", "GND", "GND", "C", 66.929, 66.929, 43.308, 43.308, 0],
		[124, "PAD38_4", 2599.55, -1073.39, "T", "SMD", "SCK", "", "O", 14.331, 30.197, 0, 0, 90],
		[125, "PAD39_3", 2599.55, -1047.79, "T", "SMD", "SDI", "", "O", 14.331, 30.197, 0, 0, 90],
		[126, "PAD40_2", 2599.55, -1022.2, "T", "SMD", "3V3", "", "O", 14.331, 30.197, 0, 0, 90],
		[127, "PAD41_1", 2599.55, -996.61, "T", "SMD", "GND", "GND", "O", 14.331, 30.197, 0, 0, 90],
		[128, "PAD42_8", 2500.45, -996.61, "T", "SMD", "3V3", "", "O", 14.331, 30.197, 0, 0, 90],
		[129, "PAD43_7", 2500.45, -1022.2, "T", "SMD", "GND", "GND", "O", 14.331, 30.197, 0, 0, 90],
		[130, "PAD44_6", 2500.45, -1047.79, "T", "SMD", "3V3", "", "O", 14.331, 30.197, 0, 0, 90],
		[131, "PAD45_5", 2500.45, -1073.39, "T", "SMD", "GND", "GND", "O", 14.331, 30.197, 0, 0, 90]
	]
}
}